<?xml version="1.0" encoding="UTF-8" ?>
<dt-option library="Responsive">
	<name>responsive.details.renderer</name>
	<summary>Define the renderer used to display the child rows</summary>
	<since>Responsive 1.0.0</since>

	<type type="function">
		<signature>renderer( api, rowIdx, columns )</signature>
		<parameter type="DataTables.Api" name="api">
			DataTables API instance for the table in question
		</parameter>
		<parameter type="integer" name="rowIdx">
			Row index for the row that the renderer is being asked to render. Use the `dt-api row()` and / or `dt-api cells()` methods to get information from the API about the row so the information can be rendered.
		</parameter>
		<parameter type="array" name="columns" since="2.0.0">
			An array of objects containing information about each column in the DataTable. The array length is exactly equal to the number of columns in the DataTable, with each column represented by a DataTable in index order. Additionally, the structure of each object in the array is:

			```js
			{
				title: "...",          // string - column title
				data: "...",           // string - cell's value
				hidden: true / false   // boolean - true if hidden by Responsive - otherwise false
				columnIndex: ...       // integer - column data index (since Responsive 2.0.1)
				rowIndex: ...          // integer - column data index (since Responsive 2.0.2)
			}
			```

		</parameter>
		<returns type="boolean|string">
			Two values can be returned:

			* `-type boolean` `false` - Do not display a child row
			* `-type string` - The information to be shown in the details display, including any required HTML.
		</returns>
	</type>

	<default value="function">
		Function that will display the hidden information in a `-tag ul/li` list.
	</default>

	<description>
		The information contained in the details rows that are displayed by Responsive are created through this function. By default it will create a `-tag ul/li` list showing the data from cells that are hidden, but you can provide a custom function that will create a display containing whatever information you wish to display.

		This function is executed for details display in a table, and is run whenever the column visibility of the table changes.

		Please note that as with all other configuration options for Responsive, this option is an extension to the [default set of DataTables options](/reference/option). This property should be set in the DataTables initialisation object.

		When creating the HTML for each item to be shown, it is a good idea to add `-string data-dt-row` and `-string data-dt-column` attributes based on the `rowIndex` and `columnIndex` information given. This allows these elements and their children to be passed into the DataTables API selector methods (`dt-api cell()` for example) and used as a regular part of the API.
	</description>

	<example title="Custom renderer which displays the data that has been hidden in an HTML table"><![CDATA[

$('#example').DataTable( {
	responsive: {
		details: {
			renderer: function ( api, rowIdx, columns ) {
				var data = $.map( columns, function ( col, i ) {
					return col.hidden ?
						'<tr data-dt-row="'+col.rowIndex+'" data-dt-column="'+col.columnIndex+'">'+
							'<td>'+col.title+':'+'</td> '+
							'<td>'+col.data+'</td>'+
						'</tr>' :
						'';
				} ).join('');

				return data ?
					$('<table/>').append( data ) :
					false;
			}
		}
	}
} );

]]></example>

</dt-option>